mead_johnson/gentle_care/enfamil_a+_gentle_care_followup_formula
mead_johnson/gentle_care/enfa_grow_a+_gentle_care
abbott/similac_1/similac_newborn_iq
abbott/similac_1/similac_neosure
abbott/similac_1/similac_total_comfort
abbott/similac_iq/similac_iq_4_hmo
abbott/similac_iq/similac_gain_plus_iq_3
abbott/similac_iq/similac_gain_plus_iq_2
abbott/abbott_grow_gold/abbot_grow_gold_3+
abbott/abbott_grow/abbott_grow_3
abbott/abbott_grow/abbott_grow_2
abbott/abbott_grow/abbott_grow_4
abbott/abbott_grow/abbott_grow_1
abbott/pedia/pediasure
abbott/ensure/ensure_gold_hbm
bellamyorganic/bot_an_dam/bot_an_dam_bellamy
bellamyorganic/organic_fomula/bellamys_organic_toddler_milk_drink
bellamyorganic/organic_fomula/bellamys_organic_junior_milk_drink
bellamyorganic/organic_fomula/bellamys_organic_followon_formula
bellamyorganic/organic_fomula/bellamys_organic_infant_formula
blackmores/blackmores_fomula/blackmores_newborn_formula_1
blackmores/blackmores_fomula/blackmores_follow-on_formula_2
bubs_australia/bubs_organic_goat_milk/bubs_organic_goat_milk_toddler_drink_3
danone/aptamil_hungry_bb/aptamil_hungry_bb_milk_formula
danone/aptakid/aptakid_3_growing_up_milk_formula
danone/aptamil_gold/apta_gold_1
danone/aptamil_gold/apta_gold_3
danone/aptamil_gold/apta_gold_2
danone/aptamil/aptamil_2_toddler_formula
danone/aptamil/aptamil_1_infant_milk
danone/aptamil/aptamil_3
f99foods/sua/sua_non_goldilac_grow_cho_tre_0-10_tuoi
friesland_campina_dutch_lady/dutch_baby/dutch_baby_mau_lon_gold
friesland_campina_dutch_lady/dutch_baby/dutch_laby_kham_pha_gold
friesland_campina_dutch_lady/dutch_baby/dutch_baby_tap_i_gold
friesland_campina_dutch_lady/dutch_baby/dutch_baby_to_mo_gold
friesland_campina_dutch_lady/friso/frisolac_gold_2
friesland_campina_dutch_lady/friso/frisolac_gold_3
friesland_campina_dutch_lady/friso/frisolac_gold_1
friesland_campina_dutch_lady/friso/friso_gold_4
friesland_campina_dutch_lady/friso/friso_gold_5
gerber/bot_an_dam/bot_an_dam_gerber_ngu_coc_multigrain_cereal
gerber/bot_an_dam/bot_an_dam_gerber_organic_oatmeal
glico/hop_nhom/glico_icreo_so_0
glico/hop_giay/glico_icreo_so_1_hop_giay
glico/hop_giay/glico_icreo_so_0_hop_giay
heinz/bot_an_dam/bot_an_dam_first_step_dinner
heinz/bot_an_dam/bot_an_dam_trai_cay_heinz
hipp/organic_combiotic/organic_combiotic_growing_up_milk_3
hipp/organic_combiotic/organic_combiotic_infant_milk_1
hipp/organic_combiotic/organic_combiotic_follow-on_milk_2
hipp/bot_an_dam/bot_an_dam_4
hipp/bot_an_dam/bot_an_dam_fruit_yoguht
hipp/bot_an_dam/bot_an_dam_6
hipp/bot_an_dam/bot_an_dam_6-36
hipp/bot_an_dam/bot_an_dam_kinder
humana_uc/humana_gold/humana_gold_growing_up_formula_3
humana_uc/humana_gold/humana_gold_infant_formula_1
humana_uc/humana_gold/humana_gold_follow-up_formula_2
mead_johnson/enfa_mil_grow_A+/enfamil_1_a+
mead_johnson/enfa_mil_grow_A+/enfa_grow_3_a+
mead_johnson/enfa_mil_grow_A+/enfa_grow_4_a+
mead_johnson/enfa_mil_grow_A+/enfamil_2_a+
mead_johnson/enspire/enfamil_enspire_infant_formula
mead_johnson/infant_fomula/enfamil_infant_formula
mead_johnson/neuro_pro/enfa_grow_a_ii_neuro_pro
mead_johnson/neuro_pro/enfamil_neuro_pro_infant_formula
mead_johnson/nutramigen/nutramigen_a+_lgg
mead_johnson/toddler/enfa_grow_premium_toddler_
megmilksnowbrand/mbp/thuc_pham_bo_sung_guun_up_mbp
meiji/ezcube/ezcube_infant_formula
meiji/ezcube/ezcube_growing_up_formula
meiji/meiji_noi_dia/meiji_noi_dia_dang_thanh_so_3,9
meiji/meiji_noi_dia/meiji_noi_ia_hohoemi
meiji/meiji_noi_dia/meiji_noi_ia_dang_thanh
morigana/morigana_kodomil/morigana_so_1_kodomil
morigana/morigana_kodomil/morigana_so_3_kodomil
morigana/morigana_kodomil/morigana_so_2_kodomil
namyang/imperial_dream/xo1_imperial_dream
namyang/imperial_dream/xo3_imperial_dream
namyang/imperial_dream/xo4_imperial_dream
namyang/imperial_dream/xo2_imperial_dream
nestle/bot_an_dam/bot_an_dam_p_tite
nestle/bot_an_dam/bot_an_dam_nestle_cerelac
nestle/lactogen_gold/lactogen_gold_4
nestle/lactogen_gold/lactogen_gold_1
nestle/lactogen_gold/lactogen_gold_2
nestle/lactogen_gold/lactogen_gold_3
nestle/nan_optipro/nan_optipro_2
nestle/nan_optipro/nan_optipro_1
nestle/nan_optipro/nan_optipro_4
nestle/nan_optipro/nan_optipro_3
nestle/nutren/nutren_junior
nutifood/famna/famna_step_3
nutifood/famna/famna_step_2
nutifood/famna/famna_step_4
nutifood/famna/famna_step_1
nutifood/growplus/growplus_o
nutifood/growplus/growplus_xanh
nutifood/growplus/growplus_cam
nutifood/growplus/growplus_trang
nutifood/nuti_gold_iq/nuti_gold_iq_2
nutifood/nuti_gold_iq/nuti_gold_iq_1
nutifood/nuti_gold_iq/nuti_iq_gold_4
nutifood/nuti_gold_iq/nuti_gold_iq_3
nutifood/riso_opti_gold/riso_opti_gold_2
nutifood/riso_opti_gold/sua_hop_riso_opti_gold
nutifood/riso_opti_gold/riso_opti_gold_3
nutifood/riso_opti_gold/riso_opti_gold_1
nutifood/riso_opti_gold/riso_opti_gold_4
nutricare/care_100/care_100_gold
nutricare/meta_care/metacare_3
nutricare/meta_care/metacare_5
nutricare/meta_care/metacare_1
nutricare/meta_care/meta_care_4
nutricare/meta_care/metacare_2
nutricare/smarta/smarta_iq
nutricare/smarta/smarta_grow
pigeon/bot_an_dam_pigeon/bot_an_dam_pigeon_7
pigeon/bot_an_dam_pigeon/bot_an_dam_pigeon_nhat_vi_ngo
royal_ausnz/sua_de_hoang_gia_uc_royal_ausnz_goat/sua_de_hoang_gia_uc_royal_ausnz_goat_toddler_milk_drink_3
royal_ausnz/sua_de_hoang_gia_uc_royal_ausnz_goat/sua_de_hoang_gia_uc_royal_ausnz_goat_follow-on_formula_2
royal_ausnz/sua_de_hoang_gia_uc_royal_ausnz_goat/sua_de_hoang_gia_uc_royal_ausnz_goat_infant_formula_1
royal_ausnz/sua_royal_ausnz_premium_gold/sua_royal_ausnz_premium_gold_follow-on_so_2
royal_ausnz/sua_royal_ausnz_premium_gold/sua_royal_ausnz_premium_gold_toddler_so_3
royal_ausnz/sua_royal_ausnz_premium_gold/sua_royal_ausnz_premium_gold_infant_formula_so_1
royal_ausnz/lactoferrin/sua_royal_ausnz_lactoferrin_formula_milk_powder
vinamilk/bot_an_dam/bot_an_dam_ridielac_gold_gao_sua
vinamilk/bot_an_dam/bot_an_dam_ridielac_gold_4_vi_ngot
vinamilk/bot_an_dam/bot_an_dam_ridielac_gold_ca_hoi_bong_cai_xanh
vinamilk/bot_an_dam/bot_an_dam_ridielac_gold_ga_rau_cu
vinamilk/bot_an_dam/bot_an_dam-optimum_gold_yen_mach_ca_hoi
vinamilk/bot_an_dam/bot_an_dam_ridielac_gold_4_vi_man
vinamilk/dielac_alpha_gold_iq/dielac_alpha_gold_iq_1
vinamilk/dielac_alpha_gold_iq/dielac_alpha_gold_iq_3
vinamilk/dielac_alpha_gold_iq/dielac_alpha_gold_iq_2
vinamilk/dielac_grow_plus/dielac_grow_plus_blue_2
vinamilk/dielac_grow_plus/dielac_grow_plus_red_2
vinamilk/dielac_grow_plus/dielac_grow_plus_blue_1
vinamilk/dielac_grow_plus/dielac_grow_plus_red_1
vinamilk/dielac_grow_plus/dielac_grow_plus_red_3
vinamilk/optimum_gold/optimum_gold_2
vinamilk/optimum_gold/optimum_gold_1
vinamilk/optimum_gold/optimum_gold_4
vinamilk/optimum_gold/optimum_gold_3
vinamilk/organic_gold/organic_gold_4
vinamilk/organic_gold/organic_gold_3
vinamilk/organic_gold/organic_gold_2
vinamilk/organic_gold/organic_gold_1
vinamilk/yoko/yoko_gold_3
vinamilk/yoko/yoko_gold_2
vinamilk/yoko/sua_uong_dinh_duong_yoko
vinamilk/yoko/yoko_gold_1
vitadairy/oggi_gold/oggi_0+
vitadairy/oggi_gold/oggi_2
vitadairy/oggi_gold/oggi_1
vitadairy/sua_colosbaby_bio/sua_colosbaby_bio_so_2
vitadairy/sua_colosbaby_bio/sua_colosbaby_bio_so_1
vitadairy/sua_colosbaby_bio/sua_colosbaby_bio_0+
vitadairy/vitagrow/vitagrow_2+
vitadairy/vitagrow/vitagrow_3+
vitadairy/vitagrow/vitagrow_1+
vitadairy/vitagrow/vitagrow_4+
wakodo/sua_wakado/sua_wakodo_gungun_2
wakodo/sua_wakado/sua_wakodo_haihai
wakodo/sua_wakado/sua_wakado_gungun_3
wakodo/sua_wakado/sua_wakodo_mum
wakodo/bot_dan_dam_wakado/bot_an_dam_wakodo_7
wakodo/bot_dan_dam_wakado/bot_an_dam_chao_gao_trang_wakodo_cho_be_5_thang
